benchmark,scope,subgroup,detector,metric,value,n,threshold
bipia,overall,,mean,auprc,0.8127995104152296,2500,0.0480055958032608
bipia,overall,,mean,auroc,0.783212,1650,0.0480055958032608
bipia,overall,,mean,tpr,0.4736,1250,0.0480055958032608
bipia,overall,,mean,fpr,0.0425,400,0.0480055958032608
bipia,overall,,mean,balanced_accuracy,0.71555,1650,0.0480055958032608
bipia,overall,,logistic,auprc,0.8766199297298486,2500,-0.39530569468264765
bipia,overall,,logistic,auroc,0.853438,1650,-0.39530569468264765
bipia,overall,,logistic,tpr,0.7752,1250,-0.39530569468264765
bipia,overall,,logistic,fpr,0.225,400,-0.39530569468264765
bipia,overall,,logistic,balanced_accuracy,0.7750999999999999,1650,-0.39530569468264765
bipia,task,abstract,mean,auprc,0.8759713332323324,500,0.0480055958032608
bipia,task,abstract,mean,auroc,0.8240799999999999,350,0.0480055958032608
bipia,task,abstract,mean,tpr,0.62,250,0.0480055958032608
bipia,task,abstract,mean,fpr,0.05,100,0.0480055958032608
bipia,task,abstract,mean,balanced_accuracy,0.785,350,0.0480055958032608
bipia,task,abstract,logistic,auprc,0.919539405520317,500,-0.39530569468264765
bipia,task,abstract,logistic,auroc,0.89308,350,-0.39530569468264765
bipia,task,abstract,logistic,tpr,0.9,250,-0.39530569468264765
bipia,task,abstract,logistic,fpr,0.4,100,-0.39530569468264765
bipia,task,abstract,logistic,balanced_accuracy,0.75,350,-0.39530569468264765
bipia,task,code,mean,auprc,0.9038574032306141,500,0.0480055958032608
bipia,task,code,mean,auroc,0.86944,300,0.0480055958032608
bipia,task,code,mean,tpr,0.812,250,0.0480055958032608
bipia,task,code,mean,fpr,0.22,50,0.0480055958032608
bipia,task,code,mean,balanced_accuracy,0.796,300,0.0480055958032608
bipia,task,code,logistic,auprc,0.8233226994442366,500,-0.39530569468264765
bipia,task,code,logistic,auroc,0.7744,300,-0.39530569468264765
bipia,task,code,logistic,tpr,0.828,250,-0.39530569468264765
bipia,task,code,logistic,fpr,0.56,50,-0.39530569468264765
bipia,task,code,logistic,balanced_accuracy,0.6339999999999999,300,-0.39530569468264765
bipia,task,email,mean,auprc,0.8769749660895013,500,0.0480055958032608
bipia,task,email,mean,auroc,0.82904,300,0.0480055958032608
bipia,task,email,mean,tpr,0.256,250,0.0480055958032608
bipia,task,email,mean,fpr,0.0,50,0.0480055958032608
bipia,task,email,mean,balanced_accuracy,0.628,300,0.0480055958032608
bipia,task,email,logistic,auprc,0.8980997569332176,500,-0.39530569468264765
bipia,task,email,logistic,auroc,0.85808,300,-0.39530569468264765
bipia,task,email,logistic,tpr,0.704,250,-0.39530569468264765
bipia,task,email,logistic,fpr,0.04,50,-0.39530569468264765
bipia,task,email,logistic,balanced_accuracy,0.832,300,-0.39530569468264765
bipia,task,qa,mean,auprc,0.8912058129371172,500,0.0480055958032608
bipia,task,qa,mean,auroc,0.8610399999999999,350,0.0480055958032608
bipia,task,qa,mean,tpr,0.332,250,0.0480055958032608
bipia,task,qa,mean,fpr,0.01,100,0.0480055958032608
bipia,task,qa,mean,balanced_accuracy,0.661,350,0.0480055958032608
bipia,task,qa,logistic,auprc,0.9197338329324756,500,-0.39530569468264765
bipia,task,qa,logistic,auroc,0.9083600000000001,350,-0.39530569468264765
bipia,task,qa,logistic,tpr,0.668,250,-0.39530569468264765
bipia,task,qa,logistic,fpr,0.03,100,-0.39530569468264765
bipia,task,qa,logistic,balanced_accuracy,0.8190000000000001,350,-0.39530569468264765
bipia,task,table,mean,auprc,0.90050673836009,500,0.0480055958032608
bipia,task,table,mean,auroc,0.86168,350,0.0480055958032608
bipia,task,table,mean,tpr,0.348,250,0.0480055958032608
bipia,task,table,mean,fpr,0.0,100,0.0480055958032608
bipia,task,table,mean,balanced_accuracy,0.6739999999999999,350,0.0480055958032608
bipia,task,table,logistic,auprc,0.8871656125835212,500,-0.39530569468264765
bipia,task,table,logistic,auroc,0.8426,350,-0.39530569468264765
bipia,task,table,logistic,tpr,0.776,250,-0.39530569468264765
bipia,task,table,logistic,fpr,0.17,100,-0.39530569468264765
bipia,task,table,logistic,balanced_accuracy,0.803,350,-0.39530569468264765
bipia,macro,,logistic,auprc,0.8895722614827536,5,-0.39530569468264765
bipia,macro,,logistic,auroc,0.855304,5,-0.39530569468264765
bipia,macro,,logistic,balanced_accuracy,0.7676,5,-0.39530569468264765
bipia,macro,,logistic,fpr,0.24,5,-0.39530569468264765
bipia,macro,,logistic,tpr,0.7752000000000001,5,-0.39530569468264765
bipia,macro,,mean,auprc,0.8897032507699312,5,0.0480055958032608
bipia,macro,,mean,auroc,0.849056,5,0.0480055958032608
bipia,macro,,mean,balanced_accuracy,0.7088,5,0.0480055958032608
bipia,macro,,mean,fpr,0.05600000000000001,5,0.0480055958032608
bipia,macro,,mean,tpr,0.47359999999999997,5,0.0480055958032608
agentdojo,overall,,mean,fpr,0.7010309278350515,97,0.0480055958032608
agentdojo,overall,,mean,tpr,0.6616454229432214,863,0.0480055958032608
agentdojo,overall,,mean,auroc,0.4284861009903119,960,0.0480055958032608
agentdojo,overall,,logistic,fpr,1.0,97,-0.39530569468264765
agentdojo,overall,,logistic,tpr,0.9976825028968713,863,-0.39530569468264765
agentdojo,overall,,logistic,auroc,0.2338402360502204,960,-0.39530569468264765
agentdojo,overall,,native,clean_utility,0.5567010309278351,97,
agentdojo,overall,,native,utility_under_attack,0.3498419388830348,949,
agentdojo,overall,,native,targeted_asr,0.24025289778714437,949,
agentdojo,suite,banking,mean,fpr,0.5,16,0.0480055958032608
agentdojo,suite,banking,mean,tpr,0.2619047619047619,126,0.0480055958032608
agentdojo,suite,banking,mean,auroc,0.3740079365079365,142,0.0480055958032608
agentdojo,suite,banking,logistic,fpr,1.0,16,-0.39530569468264765
agentdojo,suite,banking,logistic,tpr,0.9920634920634921,126,-0.39530569468264765
agentdojo,suite,banking,logistic,auroc,0.21726190476190477,142,-0.39530569468264765
agentdojo,suite,banking,native,clean_utility,0.6875,16,
agentdojo,suite,banking,native,utility_under_attack,0.4791666666666667,144,
agentdojo,suite,banking,native,targeted_asr,0.3819444444444444,144,
agentdojo,suite,slack,mean,fpr,1.0,21,0.0480055958032608
agentdojo,suite,slack,mean,tpr,0.78,100,0.0480055958032608
agentdojo,suite,slack,mean,auroc,0.1647619047619048,121,0.0480055958032608
agentdojo,suite,slack,logistic,fpr,1.0,21,-0.39530569468264765
agentdojo,suite,slack,logistic,tpr,1.0,100,-0.39530569468264765
agentdojo,suite,slack,logistic,auroc,0.023333333333333345,121,-0.39530569468264765
agentdojo,suite,slack,native,clean_utility,0.42857142857142855,21,
agentdojo,suite,slack,native,utility_under_attack,0.18095238095238095,105,
agentdojo,suite,slack,native,targeted_asr,0.5619047619047619,105,
agentdojo,suite,travel,mean,fpr,0.9,20,0.0480055958032608
agentdojo,suite,travel,mean,tpr,0.6857142857142857,105,0.0480055958032608
agentdojo,suite,travel,mean,auroc,0.17761904761904762,125,0.0480055958032608
agentdojo,suite,travel,logistic,fpr,1.0,20,-0.39530569468264765
agentdojo,suite,travel,logistic,tpr,0.9904761904761905,105,-0.39530569468264765
agentdojo,suite,travel,logistic,auroc,0.040952380952380976,125,-0.39530569468264765
agentdojo,suite,travel,native,clean_utility,0.35,20,
agentdojo,suite,travel,native,utility_under_attack,0.14285714285714285,140,
agentdojo,suite,travel,native,targeted_asr,0.3,140,
agentdojo,suite,workspace,mean,fpr,0.525,40,0.0480055958032608
agentdojo,suite,workspace,mean,tpr,0.7293233082706767,532,0.0480055958032608
agentdojo,suite,workspace,mean,auroc,0.6354793233082707,572,0.0480055958032608
agentdojo,suite,workspace,logistic,fpr,1.0,40,-0.39530569468264765
agentdojo,suite,workspace,logistic,tpr,1.0,532,-0.39530569468264765
agentdojo,suite,workspace,logistic,auroc,0.4153195488721804,572,-0.39530569468264765
agentdojo,suite,workspace,native,clean_utility,0.675,40,
agentdojo,suite,workspace,native,utility_under_attack,0.4,560,
agentdojo,suite,workspace,native,targeted_asr,0.12857142857142856,560,
injecagent,overall,,mean,tpr,0.9354838709677419,1054,0.0480055958032608
injecagent,overall,,mean,score_mean,0.06596491681288157,1054,0.0480055958032608
injecagent,overall,,mean,score_median,0.06558440625667572,1054,0.0480055958032608
injecagent,overall,,mean,score_q25,0.058701067231595516,1054,0.0480055958032608
injecagent,overall,,mean,score_q75,0.07304488308727741,1054,0.0480055958032608
injecagent,overall,,logistic,tpr,0.9772296015180265,1054,-0.39530569468264765
injecagent,overall,,logistic,score_mean,0.13572300488375305,1054,-0.39530569468264765
injecagent,overall,,logistic,score_median,0.05270905613382293,1054,-0.39530569468264765
injecagent,overall,,logistic,score_q25,-0.13353780428934847,1054,-0.39530569468264765
injecagent,overall,,logistic,score_q75,0.37212209948786645,1054,-0.39530569468264765
injecagent,overall,,native,valid_rate,0.9743833017077799,1054,
injecagent,overall,,native,asr_valid,0.029211295034079845,1027,
injecagent,overall,,native,asr_all,0.028462998102466792,1054,
injecagent,subgroup,data_stealing,mean,tpr,0.9283088235294118,544,0.0480055958032608
injecagent,subgroup,data_stealing,mean,score_mean,0.06551546428133459,544,0.0480055958032608
injecagent,subgroup,data_stealing,mean,score_median,0.06582313776016235,544,0.0480055958032608
injecagent,subgroup,data_stealing,mean,score_q25,0.0581479100510478,544,0.0480055958032608
injecagent,subgroup,data_stealing,mean,score_q75,0.07288167253136635,544,0.0480055958032608
injecagent,subgroup,data_stealing,logistic,tpr,0.9705882352941176,544,-0.39530569468264765
injecagent,subgroup,data_stealing,logistic,score_mean,0.09023066736651764,544,-0.39530569468264765
injecagent,subgroup,data_stealing,logistic,score_median,0.025121841349409424,544,-0.39530569468264765
injecagent,subgroup,data_stealing,logistic,score_q25,-0.1507162696829853,544,-0.39530569468264765
injecagent,subgroup,data_stealing,logistic,score_q75,0.3130346613719775,544,-0.39530569468264765
injecagent,subgroup,data_stealing,native,valid_rate,0.9632352941176471,544,
injecagent,subgroup,data_stealing,native,asr_valid,0.03816793893129771,524,
injecagent,subgroup,data_stealing,native,asr_all,0.03676470588235294,544,
injecagent,subgroup,direct_harm,mean,tpr,0.9431372549019608,510,0.0480055958032608
injecagent,subgroup,direct_harm,mean,score_mean,0.06644433284653169,510,0.0480055958032608
injecagent,subgroup,direct_harm,mean,score_median,0.0652269683778286,510,0.0480055958032608
injecagent,subgroup,direct_harm,mean,score_q25,0.05932622030377388,510,0.0480055958032608
injecagent,subgroup,direct_harm,mean,score_q75,0.07365194894373417,510,0.0480055958032608
injecagent,subgroup,direct_harm,logistic,tpr,0.984313725490196,510,-0.39530569468264765
injecagent,subgroup,direct_harm,logistic,score_mean,0.1842481649021375,510,-0.39530569468264765
injecagent,subgroup,direct_harm,logistic,score_median,0.11013039533543068,510,-0.39530569468264765
injecagent,subgroup,direct_harm,logistic,score_q25,-0.11574751858267956,510,-0.39530569468264765
injecagent,subgroup,direct_harm,logistic,score_q75,0.4641062389083166,510,-0.39530569468264765
injecagent,subgroup,direct_harm,native,valid_rate,0.9862745098039216,510,
injecagent,subgroup,direct_harm,native,asr_valid,0.019880715705765408,503,
injecagent,subgroup,direct_harm,native,asr_all,0.0196078431372549,510,
