layer,method,sparsity_k,scope,task,task_display,threshold,n,auprc,auroc,balanced_accuracy,tpr,fpr,train_normalized_error,validation_normalized_error,train_cosine_similarity,validation_cosine_similarity,train_variance_explained,validation_variance_explained,training_macro_balanced_accuracy,greedy_gradient_support_jaccard
24,screened_greedy,25,task,email,EmailQA,-0.003123994218185544,200,0.9233812241813089,0.9152,0.845,0.81,0.12,0.9999905228614807,0.9999904036521912,0.004312953446060419,0.0043537672609090805,1.8887221813201904e-05,1.9209086531191133e-05,0.7825,0.04313678946238031
24,screened_greedy,25,task,qa,WebQA,-0.003123994218185544,200,0.9466762091927843,0.9291,0.78,0.56,0.0,0.9999897480010986,0.9999897480010986,0.004466261714696884,0.004472433123737574,2.037748708971776e-05,2.0412802768987603e-05,0.7825,0.04990978281589312
24,screened_greedy,25,task,table,TableQA,-0.003123994218185544,200,0.9212197001835964,0.8857,0.855,0.81,0.1,0.9999901056289673,0.9999899864196777,0.004404145292937756,0.004424907732754946,1.9728095139726065e-05,1.9926428649341688e-05,0.7825,0.042604444798034866
24,screened_greedy,25,task,abstract,Summarization,-0.003123994218185544,200,0.9386306613160217,0.9143,0.865,0.8,0.07,0.9999899864196777,0.9999901056289673,0.004408030770719051,0.004416991025209427,1.994892954826355e-05,2.001434586418327e-05,0.7825,0.053101810997334305
24,screened_greedy,25,task,code,CodeQA,-0.003123994218185544,200,0.5878355804497484,0.5831,0.5,1.0,1.0,0.9999911785125732,0.999991238117218,0.0041870069690048695,0.004145442042499781,1.7863512766780332e-05,1.749187686073128e-05,0.7825,0.013583193955196447
24,screened_greedy,25,macro,,Macro,-0.003123994218185544,1000,0.8635486750646919,0.8454799999999999,0.7689999999999999,0.796,0.258,0.9999903440475464,0.9999903440475464,0.004355680197477341,0.004362707957625389,1.936104854394216e-05,1.9410908862482756e-05,0.7825,0.0404672044057678
24,gradient_pursuit,25,task,email,EmailQA,0.048304785043001175,200,0.8135453432037705,0.8055999999999999,0.64,0.3,0.02,0.9999883770942688,0.9999882578849792,0.004779266659170389,0.004818791523575783,2.318471706530545e-05,2.3550093828816898e-05,0.7160000000000001,0.04313678946238031
24,gradient_pursuit,25,task,qa,WebQA,0.048304785043001175,200,0.8881519860988544,0.8485000000000001,0.735,0.48,0.01,0.9999873638153076,0.9999873638153076,0.004981729667633772,0.004991001915186644,2.5280714908149093e-05,2.5376379198860377e-05,0.7160000000000001,0.04990978281589312
24,gradient_pursuit,25,task,table,TableQA,0.048304785043001175,200,0.8800833240134698,0.8337000000000001,0.77,0.57,0.03,0.9999879598617554,0.999987781047821,0.004877019673585892,0.004902658052742481,2.4136454157996923e-05,2.441406286379788e-05,0.7160000000000001,0.042604444798034866
24,gradient_pursuit,25,task,abstract,Summarization,0.048304785043001175,200,0.8592366468219547,0.8378000000000001,0.66,0.92,0.6,0.9999874830245972,0.9999874830245972,0.004947391804307699,0.004955905023962259,2.4983883122331463e-05,2.5032162739080377e-05,0.7160000000000001,0.053101810997334305
24,gradient_pursuit,25,task,code,CodeQA,0.048304785043001175,200,0.6171288236944449,0.6609,0.545,0.9,0.81,0.999988853931427,0.9999890923500061,0.0046707321889698505,0.004635664634406567,2.2164582333061844e-05,2.178847717004828e-05,0.7160000000000001,0.013583193955196447
24,gradient_pursuit,25,macro,,Macro,0.048304785043001175,1000,0.8116292247664989,0.7973000000000001,0.67,0.634,0.294,0.9999880194664001,0.9999880194664001,0.004851227626204491,0.004860804416239262,2.3950069589773193e-05,2.4032235160120763e-05,0.7160000000000001,0.0404672044057678
25,screened_greedy,25,task,email,EmailQA,0.0029288921505212784,200,0.9019114425256016,0.8765000000000001,0.79,0.66,0.08,0.9999942779541016,0.9999942779541016,0.00336199882440269,0.0033844418358057737,1.1371969776519109e-05,1.1511147022247314e-05,0.7355,0.047008813081000585
25,screened_greedy,25,task,qa,WebQA,0.0029288921505212784,200,0.9023772439678696,0.8734000000000001,0.7749999999999999,0.58,0.03,0.9999935626983643,0.9999936819076538,0.003565362188965082,0.0035575800575315952,1.2808740393666085e-05,1.2704729670076631e-05,0.7355,0.05964735388502908
25,screened_greedy,25,task,table,TableQA,0.0029288921505212784,200,0.8916145059427409,0.8558,0.715,0.84,0.41,0.9999939203262329,0.9999939203262329,0.0034588684793561697,0.0034688154701143503,1.2128055459470488e-05,1.2228786545165349e-05,0.7355,0.05962611943927366
25,screened_greedy,25,task,abstract,Summarization,0.0029288921505212784,200,0.8773091439311276,0.8654,0.755,0.86,0.35,0.9999938011169434,0.9999937415122986,0.003486724803224206,0.0034883616026490927,1.2294799489609431e-05,1.2392699318297673e-05,0.7355,0.058541080683494943
25,screened_greedy,25,task,code,CodeQA,0.0029288921505212784,200,0.7770152096283586,0.7526,0.5,1.0,1.0,0.9999945163726807,0.9999945759773254,0.0033205985091626644,0.0032972153276205063,1.1062025805586018e-05,1.0895430932578165e-05,0.7355,0.02522662169331832
25,screened_greedy,25,macro,,Macro,0.0029288921505212784,1000,0.8700455091991397,0.84474,0.707,0.788,0.374,0.9999940395355225,0.9999940395355225,0.003438710467889905,0.00343928299844265,1.1933118003071286e-05,1.1946558515774086e-05,0.7355,0.05000999775642331
25,gradient_pursuit,25,task,email,EmailQA,0.045046620070934296,200,0.8609908725703427,0.8276000000000001,0.635,0.27,0.0,0.9999929666519165,0.9999929070472717,0.003730615135282278,0.003755809273570776,1.4086664123169612e-05,1.4258921510190703e-05,0.7135,0.047008813081000585
25,gradient_pursuit,25,task,qa,WebQA,0.045046620070934296,200,0.8877242156412466,0.8453,0.67,0.34,0.0,0.9999918937683105,0.9999918937683105,0.0040035126730799675,0.003996037412434816,1.6210675312322564e-05,1.6135572877828963e-05,0.7135,0.05964735388502908
25,gradient_pursuit,25,task,table,TableQA,0.045046620070934296,200,0.8523275670074351,0.831,0.7150000000000001,0.52,0.09,0.9999923706054688,0.9999923706054688,0.0038644636515527964,0.0038718946743756533,1.5162527233769652e-05,1.5206634998321533e-05,0.7135,0.05962611943927366
25,gradient_pursuit,25,task,abstract,Summarization,0.045046620070934296,200,0.8777703931350537,0.8343,0.72,0.81,0.37,0.9999920725822449,0.9999920725822449,0.00393834849819541,0.003939883783459663,1.5710889783804305e-05,1.5794039427419193e-05,0.7135,0.058541080683494943
25,gradient_pursuit,25,task,code,CodeQA,0.045046620070934296,200,0.7827327819235121,0.8014,0.705,0.57,0.16,0.9999931454658508,0.9999931454658508,0.00370968459174037,0.00368444318883121,1.3810694326821249e-05,1.361459453619318e-05,0.7135,0.02522662169331832
25,gradient_pursuit,25,macro,,Macro,0.045046620070934296,1000,0.8523091660555181,0.8279200000000001,0.6890000000000001,0.502,0.124,0.9999924898147583,0.9999925494194031,0.0038493250031024218,0.0038496137131005526,1.4996289792179596e-05,1.5001952306192834e-05,0.7135,0.05000999775642331
26,screened_greedy,25,task,email,EmailQA,-0.009009511210024357,200,0.9136652411176354,0.8857,0.81,0.66,0.04,0.9999973773956299,0.9999972581863403,0.002221672097221017,0.0022404659539461136,5.299150870996527e-06,5.380809398047859e-06,0.7110000000000001,0.056092859568859635
26,screened_greedy,25,task,qa,WebQA,-0.009009511210024357,200,0.9346715302316049,0.9052,0.8500000000000001,0.77,0.07,0.9999969601631165,0.9999969601631165,0.002415884518995881,0.0024151054676622152,6.128400400484679e-06,6.144940925878473e-06,0.7110000000000001,0.07580454139079426
26,screened_greedy,25,task,table,TableQA,-0.009009511210024357,200,0.9312993133220955,0.9029999999999999,0.8600000000000001,0.8,0.08,0.999997079372406,0.999997079372406,0.002334372140467167,0.0023463969118893147,5.722195055568591e-06,5.790293016616488e-06,0.7110000000000001,0.06665641683036788
26,screened_greedy,25,task,abstract,Summarization,-0.009009511210024357,200,0.9070566943014697,0.8710000000000001,0.5,1.0,1.0,0.9999966621398926,0.9999966621398926,0.0025388055946677923,0.0025467961095273495,6.659030987066217e-06,6.704926363454433e-06,0.7110000000000001,0.04499559409396358
26,screened_greedy,25,task,code,CodeQA,-0.009009511210024357,200,0.9285547018894449,0.9187,0.5,1.0,1.0,0.9999964833259583,0.9999966621398926,0.0025847682263702154,0.002548930235207081,6.94766640663147e-06,6.757676601409912e-06,0.7110000000000001,0.0009455570307321822
26,screened_greedy,25,macro,,Macro,-0.009009511210024357,1000,0.9230494961724499,0.89672,0.7040000000000001,0.8460000000000001,0.438,0.9999969601631165,0.9999969601631165,0.002419100608676672,0.0024195390287786722,6.151288744149497e-06,6.155729352030903e-06,0.7110000000000001,0.04889899378294352
26,gradient_pursuit,25,task,email,EmailQA,0.008909129537642002,200,0.9216697735867004,0.9017,0.755,0.51,0.0,0.9999966621398926,0.9999966621398926,0.0025085369125008583,0.0025292818900197744,6.625950391025981e-06,6.736218892910983e-06,0.7405,0.056092859568859635
26,gradient_pursuit,25,task,qa,WebQA,0.008909129537642002,200,0.9156696335197086,0.8813,0.815,0.65,0.02,0.9999961853027344,0.9999961853027344,0.0027348962612450123,0.0027339672669768333,7.693469342484605e-06,7.683634976274334e-06,0.7405,0.07580454139079426
26,gradient_pursuit,25,task,table,TableQA,0.008909129537642002,200,0.9295373915241097,0.916,0.8,0.84,0.24,0.9999964237213135,0.9999963641166687,0.002633531577885151,0.0026414913590997458,7.212459877337096e-06,7.237494173750747e-06,0.7405,0.06665641683036788
26,gradient_pursuit,25,task,abstract,Summarization,0.008909129537642002,200,0.87246129707047,0.8329,0.7,0.9,0.5,0.9999958872795105,0.9999958872795105,0.0028404081240296364,0.002851377706974745,8.20487730379682e-06,8.307397365570068e-06,0.7405,0.04499559409396358
26,gradient_pursuit,25,task,code,CodeQA,0.008909129537642002,200,0.8558821116898561,0.8493999999999999,0.5,1.0,1.0,0.9999955892562866,0.9999957084655762,0.002917520934715867,0.002881495049223304,8.798092494544107e-06,8.609593351138756e-06,0.7405,0.0009455570307321822
26,gradient_pursuit,25,macro,,Macro,0.008909129537642002,1000,0.899044041478169,0.8762599999999999,0.7140000000000001,0.78,0.352,0.9999960660934448,0.9999961256980896,0.0027269788552075624,0.0027275225147604942,7.706969881837722e-06,7.714867933827918e-06,0.7405,0.04889899378294352
27,screened_greedy,25,task,email,EmailQA,0.010804242454469204,200,0.8770494622205651,0.8447,0.795,0.67,0.08,0.9999964833259583,0.9999963641166687,0.0025697469245642424,0.0026037388015538454,6.998926437518094e-06,7.143318725866266e-06,0.6895,0.024472260372365186
27,screened_greedy,25,task,qa,WebQA,0.010804242454469204,200,0.8291242789611193,0.778,0.715,0.49,0.06,0.9999960064888,0.9999960064888,0.002733935136348009,0.0027440583799034357,7.869452019804157e-06,7.939338502183091e-06,0.6895,0.02295937592148023
27,screened_greedy,25,task,table,TableQA,0.010804242454469204,200,0.8175477141531761,0.7646999999999999,0.69,0.61,0.23,0.9999961853027344,0.9999961853027344,0.002689011162146926,0.00269126589410007,7.663816177228e-06,7.646382073289715e-06,0.6895,0.022372228991806065
27,screened_greedy,25,task,abstract,Summarization,0.010804242454469204,200,0.8419709395175572,0.8106,0.65,0.3,0.0,0.9999954104423523,0.9999952912330627,0.0029873924795538187,0.0030070669017732143,9.287297871196643e-06,9.433030754735228e-06,0.6895,0.04071496831163944
27,screened_greedy,25,task,code,CodeQA,0.010804242454469204,200,0.45106721155056667,0.3891,0.505,1.0,0.99,0.9999959468841553,0.9999960064888,0.002734036650508642,0.002692275680601597,8.067489034147002e-06,7.843673301977105e-06,0.6895,0.0056293184138202935
27,screened_greedy,25,macro,,Macro,0.010804242454469204,1000,0.7633519212805968,0.71742,0.671,0.614,0.27199999999999996,0.9999959468841553,0.9999959468841553,0.002742824610322714,0.00274768122471869,7.977396307978779e-06,8.001148671610281e-06,0.6895,0.023229630402222243
27,gradient_pursuit,25,task,email,EmailQA,0.01274480763822794,200,0.9558399248340133,0.9371000000000002,0.825,0.65,0.0,0.9999957084655762,0.9999955892562866,0.0028621137607842684,0.002903882646933198,8.579343557357788e-06,8.845031516102608e-06,0.7565000000000002,0.024472260372365186
27,gradient_pursuit,25,task,qa,WebQA,0.01274480763822794,200,0.8986183002324015,0.8639,0.755,0.52,0.01,0.9999951720237732,0.9999951124191284,0.0030335886403918266,0.003046345431357622,9.649843377701472e-06,9.769499229150824e-06,0.7565000000000002,0.02295937592148023
27,gradient_pursuit,25,task,table,TableQA,0.01274480763822794,200,0.8653969862413143,0.8535,0.765,0.87,0.34,0.9999953508377075,0.9999953508377075,0.002971857786178589,0.0029725399799644947,9.311288522440009e-06,9.255707482225262e-06,0.7565000000000002,0.022372228991806065
27,gradient_pursuit,25,task,abstract,Summarization,0.01274480763822794,200,0.9200790804148822,0.8967,0.755,0.51,0.0,0.9999943375587463,0.9999943375587463,0.0032869111746549606,0.0033001217525452375,1.1201798770343885e-05,1.1323988474032376e-05,0.7565000000000002,0.04071496831163944
27,gradient_pursuit,25,task,code,CodeQA,0.01274480763822794,200,0.6153956685033951,0.5913,0.5,1.0,1.0,0.9999949932098389,0.9999951124191284,0.003079368267208338,0.003028957173228264,1.0020732588600367e-05,9.730756573844701e-06,0.7565000000000002,0.0056293184138202935
27,gradient_pursuit,25,macro,,Macro,0.01274480763822794,1000,0.8510659920452012,0.8285,0.72,0.71,0.27,0.9999951124191284,0.9999951124191284,0.003046768018975854,0.0030503692105412483,9.752601727086585e-06,9.784996109374333e-06,0.7565000000000002,0.023229630402222243
28,screened_greedy,25,task,email,EmailQA,-0.003156146500259638,200,0.8061488581943737,0.7652,0.685,0.76,0.39,0.9999966621398926,0.9999964833259583,0.0024964704643934965,0.0025311254430562258,6.767958439013455e-06,6.93202036927687e-06,0.683,0.036713493062611756
28,screened_greedy,25,task,qa,WebQA,-0.003156146500259638,200,0.854728532281254,0.8096000000000001,0.74,0.6,0.12,0.9999964237213135,0.9999963641166687,0.0025843617040663958,0.0026038307696580887,7.203519544418668e-06,7.331073447858216e-06,0.683,0.03044952542306085
28,screened_greedy,25,task,table,TableQA,-0.003156146500259638,200,0.8420101761789869,0.8035,0.735,0.57,0.1,0.9999963641166687,0.9999963641166687,0.00258733332157135,0.0025986700784415007,7.252842351590516e-06,7.3733926910790615e-06,0.683,0.030796954614012696
28,screened_greedy,25,task,abstract,Summarization,-0.003156146500259638,200,0.8048398809008208,0.7403000000000001,0.7050000000000001,0.6,0.19,0.9999960064888,0.9999959468841553,0.0027088928036391735,0.002718542702496052,7.949620339786634e-06,7.997750799404457e-06,0.683,0.050460990054161915
28,screened_greedy,25,task,code,CodeQA,-0.003156146500259638,200,0.4844231777277059,0.44570000000000004,0.5,1.0,1.0,0.9999964833259583,0.9999964833259583,0.002542031928896904,0.0025204881094396114,7.113665560609661e-06,6.974339612497715e-06,0.683,0.04604920081371753
28,screened_greedy,25,macro,,Macro,-0.003156146500259638,1000,0.7584301250566282,0.71286,0.673,0.706,0.36,0.9999963641166687,0.9999963641166687,0.002583818044513464,0.002594531513750553,7.257521247083787e-06,7.321715202124324e-06,0.683,0.03889403279351295
28,gradient_pursuit,25,task,email,EmailQA,0.012488264590501785,200,0.8662592931444622,0.8367000000000001,0.745,0.73,0.24,0.9999958872795105,0.9999958276748657,0.0028023042250424623,0.0028351140208542347,8.325576345669106e-06,8.466541657980997e-06,0.7195,0.036713493062611756
28,gradient_pursuit,25,task,qa,WebQA,0.012488264590501785,200,0.8822301653238298,0.8621000000000001,0.755,0.59,0.08,0.9999955892562866,0.9999954700469971,0.002892147284001112,0.002916851546615362,8.879154847818427e-06,9.052753739524633e-06,0.7195,0.03044952542306085
28,gradient_pursuit,25,task,table,TableQA,0.012488264590501785,200,0.8662353848960767,0.8290000000000001,0.7649999999999999,0.58,0.05,0.9999955892562866,0.9999955892562866,0.00286628189496696,0.0028801695443689823,8.734315997571684e-06,8.848905963532161e-06,0.7195,0.030796954614012696
28,gradient_pursuit,25,task,abstract,Summarization,0.012488264590501785,200,0.8443900534973512,0.8119000000000001,0.715,0.46,0.03,0.9999951720237732,0.9999951720237732,0.0030141358729451895,0.0030179256573319435,9.653121196606662e-06,9.669363862485625e-06,0.7195,0.050460990054161915
28,gradient_pursuit,25,task,code,CodeQA,0.012488264590501785,200,0.5947748415982466,0.5671,0.535,0.99,0.92,0.9999957084655762,0.9999958872795105,0.0028427913784980774,0.0028033631388098,8.563399205741007e-06,8.305013579956722e-06,0.7195,0.04604920081371753
28,gradient_pursuit,25,macro,,Macro,0.012488264590501785,1000,0.8107779476919932,0.78136,0.703,0.6699999999999999,0.264,0.9999955892562866,0.9999955892562866,0.0028835320845246315,0.0028906846418976784,8.831113518681377e-06,8.868515578797087e-06,0.7195,0.03889403279351295
